1.300000000000000000e+01,1.000000000000000000e+00,0.000000000000000000e+00,0.000000000000000000e+00
1.300000000000000000e+01,1.000000000000000000e+00,1.000000000000000000e+00,4.000000000000000222e-01
1.200000000000000000e+01,-6.000000000000000000e+00,0.000000000000000000e+00,9.801012243080378994e+00
1.200000000000000000e+01,-6.000000000000000000e+00,1.000000000000000000e+00,9.089381933442789219e+00
1.100000000000000000e+01,-5.000000000000000000e+00,0.000000000000000000e+00,9.095752578497366514e+00
1.100000000000000000e+01,-5.000000000000000000e+00,1.000000000000000000e+00,8.755258788292312744e+00
1.000000000000000000e+01,-2.000000000000000000e+00,0.000000000000000000e+00,8.799416138047080338e+00
1.000000000000000000e+01,-2.000000000000000000e+00,1.000000000000000000e+00,9.067941938845951455e+00
9.000000000000000000e+00,3.000000000000000000e+00,0.000000000000000000e+00,7.489807618879555484e+00
9.000000000000000000e+00,3.000000000000000000e+00,1.000000000000000000e+00,9.678309811011533981e+00
1.100000000000000000e+01,-7.000000000000000000e+00,0.000000000000000000e+00,8.987945510301852181e+00
1.100000000000000000e+01,-7.000000000000000000e+00,1.000000000000000000e+00,2.107620336184166998e+00
1.000000000000000000e+01,-6.000000000000000000e+00,0.000000000000000000e+00,9.426998554006194908e+00
1.000000000000000000e+01,-6.000000000000000000e+00,1.000000000000000000e+00,8.399310388222389179e+00
9.000000000000000000e+00,-3.000000000000000000e+00,0.000000000000000000e+00,9.343372095929177945e+00
9.000000000000000000e+00,-3.000000000000000000e+00,1.000000000000000000e+00,9.640726896643318611e+00
8.000000000000000000e+00,2.000000000000000000e+00,0.000000000000000000e+00,7.861584262977130422e+00
8.000000000000000000e+00,2.000000000000000000e+00,1.000000000000000000e+00,9.583674876536454335e+00
1.200000000000000000e+01,4.000000000000000000e+00,0.000000000000000000e+00,8.941168723428898346e+00
1.200000000000000000e+01,4.000000000000000000e+00,1.000000000000000000e+00,9.797312516737713750e+00
1.100000000000000000e+01,3.000000000000000000e+00,0.000000000000000000e+00,8.668871144649701321e+00
1.100000000000000000e+01,3.000000000000000000e+00,1.000000000000000000e+00,9.793514503433542018e+00
1.000000000000000000e+01,2.000000000000000000e+00,0.000000000000000000e+00,8.686637534952689421e+00
1.000000000000000000e+01,2.000000000000000000e+00,1.000000000000000000e+00,9.734843908497786913e+00
9.000000000000000000e+00,1.000000000000000000e+00,0.000000000000000000e+00,8.882662245172774362e+00
9.000000000000000000e+00,1.000000000000000000e+00,1.000000000000000000e+00,9.589144536351573933e+00
8.000000000000000000e+00,0.000000000000000000e+00,0.000000000000000000e+00,8.752752150943278409e+00
8.000000000000000000e+00,0.000000000000000000e+00,1.000000000000000000e+00,9.469034034308037917e+00
7.000000000000000000e+00,1.000000000000000000e+00,0.000000000000000000e+00,8.373781584519580434e+00
7.000000000000000000e+00,1.000000000000000000e+00,1.000000000000000000e+00,9.382680045873881269e+00
6.000000000000000000e+00,4.000000000000000000e+00,0.000000000000000000e+00,7.256995323563791622e+00
6.000000000000000000e+00,4.000000000000000000e+00,1.000000000000000000e+00,7.835765426733509287e+00
5.000000000000000000e+00,3.000000000000000000e+00,0.000000000000000000e+00,6.377013156117001813e+00
5.000000000000000000e+00,3.000000000000000000e+00,1.000000000000000000e+00,6.846148762152632905e+00
4.000000000000000000e+00,2.000000000000000000e+00,0.000000000000000000e+00,7.149016518754160998e+00
4.000000000000000000e+00,2.000000000000000000e+00,1.000000000000000000e+00,6.563104175875290380e+00
3.000000000000000000e+00,1.000000000000000000e+00,0.000000000000000000e+00,7.144421572754066752e+00
3.000000000000000000e+00,1.000000000000000000e+00,1.000000000000000000e+00,8.092183784856976203e+00
2.000000000000000000e+00,2.000000000000000000e+00,0.000000000000000000e+00,6.620608855460946351e+00
2.000000000000000000e+00,2.000000000000000000e+00,1.000000000000000000e+00,6.497755855861700347e+00
1.000000000000000000e+00,5.000000000000000000e+00,0.000000000000000000e+00,6.842765647056070932e+00
1.000000000000000000e+00,5.000000000000000000e+00,1.000000000000000000e+00,6.594857961501034538e+00
0.000000000000000000e+00,1.000000000000000000e+01,0.000000000000000000e+00,6.376725180749954092e+00
0.000000000000000000e+00,1.000000000000000000e+01,1.000000000000000000e+00,5.227776816784557745e+00
1.100000000000000000e+01,6.000000000000000000e+00,0.000000000000000000e+00,1.878268165721152183e+00
1.100000000000000000e+01,6.000000000000000000e+00,1.000000000000000000e+00,9.053830849153662541e+00
1.000000000000000000e+01,5.000000000000000000e+00,0.000000000000000000e+00,4.070960606932285231e+00
1.000000000000000000e+01,5.000000000000000000e+00,1.000000000000000000e+00,9.219120891470382162e+00
9.000000000000000000e+00,4.000000000000000000e+00,0.000000000000000000e+00,7.889688553365309609e+00
9.000000000000000000e+00,4.000000000000000000e+00,1.000000000000000000e+00,8.648041494733273993e+00
8.000000000000000000e+00,5.000000000000000000e+00,0.000000000000000000e+00,7.253739380320167740e+00
8.000000000000000000e+00,5.000000000000000000e+00,1.000000000000000000e+00,7.505207840217019921e+00
7.000000000000000000e+00,8.000000000000000000e+00,0.000000000000000000e+00,7.048232274381565965e+00
7.000000000000000000e+00,8.000000000000000000e+00,1.000000000000000000e+00,4.342294346996445675e+00
6.000000000000000000e+00,7.000000000000000000e+00,0.000000000000000000e+00,2.656509223415072007e+00
6.000000000000000000e+00,7.000000000000000000e+00,1.000000000000000000e+00,8.150265657062940150e+00
5.000000000000000000e+00,6.000000000000000000e+00,0.000000000000000000e+00,5.818415595618656511e+00
5.000000000000000000e+00,6.000000000000000000e+00,1.000000000000000000e+00,7.943543521974141264e+00
4.000000000000000000e+00,7.000000000000000000e+00,0.000000000000000000e+00,4.882243783106599899e+00
4.000000000000000000e+00,7.000000000000000000e+00,1.000000000000000000e+00,7.319060078352705112e+00
3.000000000000000000e+00,1.000000000000000000e+01,0.000000000000000000e+00,4.481550492374905659e+00
3.000000000000000000e+00,1.000000000000000000e+01,1.000000000000000000e+00,7.285725184000000354e-01
2.000000000000000000e+00,1.200000000000000000e+01,0.000000000000000000e+00,6.400000000000000133e-01
2.000000000000000000e+00,1.200000000000000000e+01,1.000000000000000000e+00,5.624456164817039472e+00
1.200000000000000000e+01,2.000000000000000000e+00,0.000000000000000000e+00,9.807216516757263136e+00
1.200000000000000000e+01,2.000000000000000000e+00,1.000000000000000000e+00,9.405482613239042777e+00
1.100000000000000000e+01,4.000000000000000000e+00,0.000000000000000000e+00,8.696263375501798620e+00
1.100000000000000000e+01,4.000000000000000000e+00,1.000000000000000000e+00,9.734471904822219912e+00
1.000000000000000000e+01,8.000000000000000000e+00,0.000000000000000000e+00,2.419094406939948261e+00
1.000000000000000000e+01,8.000000000000000000e+00,1.000000000000000000e+00,7.305528641357174280e+00
9.000000000000000000e+00,7.000000000000000000e+00,0.000000000000000000e+00,6.978938116583843332e+00
9.000000000000000000e+00,7.000000000000000000e+00,1.000000000000000000e+00,8.647402002795574916e+00
8.000000000000000000e+00,6.000000000000000000e+00,0.000000000000000000e+00,7.545625329969189998e+00
8.000000000000000000e+00,6.000000000000000000e+00,1.000000000000000000e+00,8.497930505979210736e+00
7.000000000000000000e+00,5.000000000000000000e+00,0.000000000000000000e+00,8.332350684791045126e+00
7.000000000000000000e+00,5.000000000000000000e+00,1.000000000000000000e+00,7.675080215814165108e+00
6.000000000000000000e+00,6.000000000000000000e+00,0.000000000000000000e+00,7.737213457064163968e+00
6.000000000000000000e+00,6.000000000000000000e+00,1.000000000000000000e+00,8.147868418118063616e+00
5.000000000000000000e+00,9.000000000000000000e+00,0.000000000000000000e+00,4.172731329294080638e+00
5.000000000000000000e+00,9.000000000000000000e+00,1.000000000000000000e+00,7.688539560534390027e+00
4.000000000000000000e+00,1.000000000000000000e+01,0.000000000000000000e+00,3.845474255011444242e+00
4.000000000000000000e+00,1.000000000000000000e+01,1.000000000000000000e+00,7.101648690598249658e+00
1.200000000000000000e+01,-1.000000000000000000e+00,0.000000000000000000e+00,9.489508620828964069e+00
1.200000000000000000e+01,-1.000000000000000000e+00,1.000000000000000000e+00,9.790662083801178639e+00
1.100000000000000000e+01,-2.000000000000000000e+00,0.000000000000000000e+00,9.761350359063422744e+00
1.100000000000000000e+01,-2.000000000000000000e+00,1.000000000000000000e+00,9.183186964203173375e+00
1.000000000000000000e+01,-1.000000000000000000e+00,0.000000000000000000e+00,9.253995288545748821e+00
1.000000000000000000e+01,-1.000000000000000000e+00,1.000000000000000000e+00,9.721437546519190676e+00
9.000000000000000000e+00,2.000000000000000000e+00,0.000000000000000000e+00,8.503654524949370241e+00
9.000000000000000000e+00,2.000000000000000000e+00,1.000000000000000000e+00,9.747982436936524664e+00
8.000000000000000000e+00,7.000000000000000000e+00,0.000000000000000000e+00,7.021940506863262321e+00
8.000000000000000000e+00,7.000000000000000000e+00,1.000000000000000000e+00,9.830343290182213423e+00
1.200000000000000000e+01,1.000000000000000000e+00,0.000000000000000000e+00,9.227627437380423459e+00
1.200000000000000000e+01,1.000000000000000000e+00,1.000000000000000000e+00,9.795291365081672197e+00
1.100000000000000000e+01,0.000000000000000000e+00,0.000000000000000000e+00,9.340640975537999324e+00
1.100000000000000000e+01,0.000000000000000000e+00,1.000000000000000000e+00,9.764927342351546358e+00
1.000000000000000000e+01,1.000000000000000000e+00,0.000000000000000000e+00,9.756192778045123859e+00
1.000000000000000000e+01,1.000000000000000000e+00,1.000000000000000000e+00,9.463326186577138088e+00
9.000000000000000000e+00,0.000000000000000000e+00,0.000000000000000000e+00,9.224729174753093730e+00
9.000000000000000000e+00,0.000000000000000000e+00,1.000000000000000000e+00,9.696798277896952811e+00
8.000000000000000000e+00,-1.000000000000000000e+00,0.000000000000000000e+00,9.414614750864700454e+00
8.000000000000000000e+00,-1.000000000000000000e+00,1.000000000000000000e+00,9.766856149970481127e+00
7.000000000000000000e+00,-2.000000000000000000e+00,0.000000000000000000e+00,8.594255724708771638e+00
7.000000000000000000e+00,-2.000000000000000000e+00,1.000000000000000000e+00,9.706180437852008680e+00
6.000000000000000000e+00,-1.000000000000000000e+00,0.000000000000000000e+00,8.792012490612442832e+00
6.000000000000000000e+00,-1.000000000000000000e+00,1.000000000000000000e+00,9.512455808996005402e+00
5.000000000000000000e+00,2.000000000000000000e+00,0.000000000000000000e+00,6.498584049795482542e+00
5.000000000000000000e+00,2.000000000000000000e+00,1.000000000000000000e+00,8.332375300034307486e+00
3.000000000000000000e+00,9.000000000000000000e+00,0.000000000000000000e+00,2.794070162276512725e+00
3.000000000000000000e+00,9.000000000000000000e+00,1.000000000000000000e+00,7.192307033422170370e+00
1.200000000000000000e+01,0.000000000000000000e+00,0.000000000000000000e+00,9.777795911114026239e+00
1.200000000000000000e+01,0.000000000000000000e+00,1.000000000000000000e+00,9.399949142964240778e+00
1.100000000000000000e+01,2.000000000000000000e+00,0.000000000000000000e+00,8.854599703538813316e+00
1.100000000000000000e+01,2.000000000000000000e+00,1.000000000000000000e+00,9.767075934522146952e+00
3.000000000000000000e+00,6.000000000000000000e+00,0.000000000000000000e+00,5.457118735083278160e+00
3.000000000000000000e+00,6.000000000000000000e+00,1.000000000000000000e+00,7.237687246246938599e+00
2.000000000000000000e+00,7.000000000000000000e+00,0.000000000000000000e+00,5.334526585016967637e+00
2.000000000000000000e+00,7.000000000000000000e+00,1.000000000000000000e+00,7.016352931582383157e+00
1.000000000000000000e+00,6.000000000000000000e+00,0.000000000000000000e+00,6.246296259848772792e+00
1.000000000000000000e+00,6.000000000000000000e+00,1.000000000000000000e+00,6.595532605141290361e+00
0.000000000000000000e+00,5.000000000000000000e+00,0.000000000000000000e+00,6.502343733066990872e+00
0.000000000000000000e+00,5.000000000000000000e+00,1.000000000000000000e+00,5.995514857847179968e+00
1.200000000000000000e+01,-4.000000000000000000e+00,0.000000000000000000e+00,9.797693635457701333e+00
1.200000000000000000e+01,-4.000000000000000000e+00,1.000000000000000000e+00,9.208029487729852747e+00
1.100000000000000000e+01,-3.000000000000000000e+00,0.000000000000000000e+00,9.136357304272456403e+00
1.100000000000000000e+01,-3.000000000000000000e+00,1.000000000000000000e+00,9.159716779994287350e+00
1.000000000000000000e+01,-4.000000000000000000e+00,0.000000000000000000e+00,7.206251219182990830e+00
1.000000000000000000e+01,-4.000000000000000000e+00,1.000000000000000000e+00,9.102410266897344115e+00
9.000000000000000000e+00,-5.000000000000000000e+00,0.000000000000000000e+00,9.640518682585314636e+00
9.000000000000000000e+00,-5.000000000000000000e+00,1.000000000000000000e+00,8.778128628275220890e+00
8.000000000000000000e+00,-4.000000000000000000e+00,0.000000000000000000e+00,9.490652488676770915e+00
8.000000000000000000e+00,-4.000000000000000000e+00,1.000000000000000000e+00,9.100431505377853725e+00
7.000000000000000000e+00,-5.000000000000000000e+00,0.000000000000000000e+00,9.369565621758747298e+00
7.000000000000000000e+00,-5.000000000000000000e+00,1.000000000000000000e+00,8.360691176608815667e+00
6.000000000000000000e+00,-6.000000000000000000e+00,0.000000000000000000e+00,9.384576582956329460e+00
6.000000000000000000e+00,-6.000000000000000000e+00,1.000000000000000000e+00,6.541892012451004490e+00
5.000000000000000000e+00,-7.000000000000000000e+00,0.000000000000000000e+00,1.215518669013066821e+00
5.000000000000000000e+00,-7.000000000000000000e+00,1.000000000000000000e+00,8.389583460211124333e+00
4.000000000000000000e+00,-6.000000000000000000e+00,0.000000000000000000e+00,7.634272020351398957e+00
4.000000000000000000e+00,-6.000000000000000000e+00,1.000000000000000000e+00,7.632031795477571379e+00
3.000000000000000000e+00,-3.000000000000000000e+00,0.000000000000000000e+00,8.256593361067766423e+00
3.000000000000000000e+00,-3.000000000000000000e+00,1.000000000000000000e+00,8.302472263398302132e+00
1.100000000000000000e+01,1.000000000000000000e+00,0.000000000000000000e+00,8.806622386990191842e+00
1.100000000000000000e+01,1.000000000000000000e+00,1.000000000000000000e+00,9.597107698450024316e+00
1.000000000000000000e+01,0.000000000000000000e+00,0.000000000000000000e+00,8.947037267000727212e+00
1.000000000000000000e+01,0.000000000000000000e+00,1.000000000000000000e+00,9.677786545393352924e+00
9.000000000000000000e+00,-1.000000000000000000e+00,0.000000000000000000e+00,8.577828363569420134e+00
9.000000000000000000e+00,-1.000000000000000000e+00,1.000000000000000000e+00,9.681395910517423431e+00
8.000000000000000000e+00,-2.000000000000000000e+00,0.000000000000000000e+00,9.034019605827753097e+00
8.000000000000000000e+00,-2.000000000000000000e+00,1.000000000000000000e+00,9.588526142833478261e+00
7.000000000000000000e+00,-3.000000000000000000e+00,0.000000000000000000e+00,9.349376861563687413e+00
7.000000000000000000e+00,-3.000000000000000000e+00,1.000000000000000000e+00,9.034975321208516874e+00
6.000000000000000000e+00,-4.000000000000000000e+00,0.000000000000000000e+00,8.390638811445844780e+00
6.000000000000000000e+00,-4.000000000000000000e+00,1.000000000000000000e+00,9.404443180505637656e+00
5.000000000000000000e+00,-5.000000000000000000e+00,0.000000000000000000e+00,9.111985413299985126e+00
5.000000000000000000e+00,-5.000000000000000000e+00,1.000000000000000000e+00,7.879768847866698955e+00
4.000000000000000000e+00,-4.000000000000000000e+00,0.000000000000000000e+00,8.596255945958452216e+00
4.000000000000000000e+00,-4.000000000000000000e+00,1.000000000000000000e+00,8.583637744729152530e+00
3.000000000000000000e+00,-1.000000000000000000e+00,0.000000000000000000e+00,7.205802228645181273e+00
3.000000000000000000e+00,-1.000000000000000000e+00,1.000000000000000000e+00,8.894294561520009523e+00
2.000000000000000000e+00,4.000000000000000000e+00,0.000000000000000000e+00,7.163785300264652101e+00
2.000000000000000000e+00,4.000000000000000000e+00,1.000000000000000000e+00,6.788703505486707535e+00
1.000000000000000000e+00,3.000000000000000000e+00,0.000000000000000000e+00,6.821332776842504941e+00
1.000000000000000000e+00,3.000000000000000000e+00,1.000000000000000000e+00,6.404862010833070052e+00
0.000000000000000000e+00,2.000000000000000000e+00,0.000000000000000000e+00,6.516166766912587782e+00
0.000000000000000000e+00,2.000000000000000000e+00,1.000000000000000000e+00,6.284162770792416808e+00
1.000000000000000000e+01,4.000000000000000000e+00,0.000000000000000000e+00,7.325617591761872660e+00
1.000000000000000000e+01,4.000000000000000000e+00,1.000000000000000000e+00,8.739076031939029932e+00
8.000000000000000000e+00,4.000000000000000000e+00,0.000000000000000000e+00,8.223628340313810625e+00
8.000000000000000000e+00,4.000000000000000000e+00,1.000000000000000000e+00,7.208186418203339052e+00
7.000000000000000000e+00,7.000000000000000000e+00,0.000000000000000000e+00,6.592462313771304316e+00
7.000000000000000000e+00,7.000000000000000000e+00,1.000000000000000000e+00,8.326912654157716531e+00
6.000000000000000000e+00,9.000000000000000000e+00,0.000000000000000000e+00,4.180801988298608052e+00
6.000000000000000000e+00,9.000000000000000000e+00,1.000000000000000000e+00,6.467864563225093733e+00
1.100000000000000000e+01,-4.000000000000000000e+00,0.000000000000000000e+00,9.361546952480528816e+00
1.100000000000000000e+01,-4.000000000000000000e+00,1.000000000000000000e+00,9.773245564003316233e+00
1.200000000000000000e+01,-5.000000000000000000e+00,0.000000000000000000e+00,9.470443288018730144e+00
1.200000000000000000e+01,-5.000000000000000000e+00,1.000000000000000000e+00,9.822410065316994121e+00
1.100000000000000000e+01,-6.000000000000000000e+00,0.000000000000000000e+00,9.560372686560659972e+00
1.100000000000000000e+01,-6.000000000000000000e+00,1.000000000000000000e+00,9.811063775256741337e+00
1.000000000000000000e+01,-7.000000000000000000e+00,0.000000000000000000e+00,9.786570968400191362e+00
1.000000000000000000e+01,-7.000000000000000000e+00,1.000000000000000000e+00,7.725326252012626682e+00
9.000000000000000000e+00,-8.000000000000000000e+00,0.000000000000000000e+00,9.731754097270115977e+00
9.000000000000000000e+00,-8.000000000000000000e+00,1.000000000000000000e+00,8.924002106056581951e+00
8.000000000000000000e+00,-9.000000000000000000e+00,0.000000000000000000e+00,9.714921402440632292e+00
8.000000000000000000e+00,-9.000000000000000000e+00,1.000000000000000000e+00,3.776760289246316127e+00
7.000000000000000000e+00,-1.000000000000000000e+01,0.000000000000000000e+00,0.000000000000000000e+00
7.000000000000000000e+00,-1.000000000000000000e+01,1.000000000000000000e+00,4.418476418803530592e+00
6.000000000000000000e+00,-1.100000000000000000e+01,0.000000000000000000e+00,5.094958360109584916e+00
6.000000000000000000e+00,-1.100000000000000000e+01,1.000000000000000000e+00,4.000000000000000222e-01
5.000000000000000000e+00,-1.000000000000000000e+01,0.000000000000000000e+00,6.028900839455688221e+00
5.000000000000000000e+00,-1.000000000000000000e+01,1.000000000000000000e+00,1.202406400000000097e+00
4.000000000000000000e+00,-1.100000000000000000e+01,0.000000000000000000e+00,1.674211495826685603e+00
4.000000000000000000e+00,-1.100000000000000000e+01,1.000000000000000000e+00,0.000000000000000000e+00
3.000000000000000000e+00,-1.000000000000000000e+01,0.000000000000000000e+00,3.585105160057629803e+00
3.000000000000000000e+00,-1.000000000000000000e+01,1.000000000000000000e+00,0.000000000000000000e+00
2.000000000000000000e+00,-7.000000000000000000e+00,0.000000000000000000e+00,5.559714907857552291e+00
2.000000000000000000e+00,-7.000000000000000000e+00,1.000000000000000000e+00,3.819625486953101667e+00
1.000000000000000000e+00,-8.000000000000000000e+00,0.000000000000000000e+00,1.038673469439999941e+00
1.000000000000000000e+00,-8.000000000000000000e+00,1.000000000000000000e+00,6.701239108346869422e+00
0.000000000000000000e+00,-7.000000000000000000e+00,0.000000000000000000e+00,5.349656631740115742e+00
0.000000000000000000e+00,-7.000000000000000000e+00,1.000000000000000000e+00,0.000000000000000000e+00
4.000000000000000000e+00,4.000000000000000000e+00,0.000000000000000000e+00,7.713180227974381964e+00
4.000000000000000000e+00,4.000000000000000000e+00,1.000000000000000000e+00,6.894559358514691816e+00
3.000000000000000000e+00,7.000000000000000000e+00,0.000000000000000000e+00,6.384975128027562619e+00
3.000000000000000000e+00,7.000000000000000000e+00,1.000000000000000000e+00,7.386247087841526060e+00
1.000000000000000000e+01,3.000000000000000000e+00,0.000000000000000000e+00,8.274296955186386526e+00
1.000000000000000000e+01,3.000000000000000000e+00,1.000000000000000000e+00,9.692303543440914382e+00
7.000000000000000000e+00,1.000000000000000000e+01,0.000000000000000000e+00,7.183400305917710504e+00
7.000000000000000000e+00,1.000000000000000000e+01,1.000000000000000000e+00,4.973352121904108358e+00
1.200000000000000000e+01,-2.000000000000000000e+00,0.000000000000000000e+00,9.792769238433901791e+00
1.200000000000000000e+01,-2.000000000000000000e+00,1.000000000000000000e+00,9.383097723732937823e+00
9.000000000000000000e+00,6.000000000000000000e+00,0.000000000000000000e+00,9.585397176412580933e+00
9.000000000000000000e+00,6.000000000000000000e+00,1.000000000000000000e+00,7.436275342342627326e+00
5.000000000000000000e+00,5.000000000000000000e+00,0.000000000000000000e+00,7.013740699624406716e+00
5.000000000000000000e+00,5.000000000000000000e+00,1.000000000000000000e+00,7.942201058583072459e+00
4.000000000000000000e+00,8.000000000000000000e+00,0.000000000000000000e+00,3.657461988412455511e+00
4.000000000000000000e+00,8.000000000000000000e+00,1.000000000000000000e+00,7.547701155062460643e+00
2.000000000000000000e+00,6.000000000000000000e+00,0.000000000000000000e+00,6.658355237199821808e+00
2.000000000000000000e+00,6.000000000000000000e+00,1.000000000000000000e+00,7.163839103274018072e+00
1.000000000000000000e+00,7.000000000000000000e+00,0.000000000000000000e+00,5.319839143327081743e+00
1.000000000000000000e+00,7.000000000000000000e+00,1.000000000000000000e+00,6.707453189707855756e+00
0.000000000000000000e+00,6.000000000000000000e+00,0.000000000000000000e+00,6.514866463388333528e+00
0.000000000000000000e+00,6.000000000000000000e+00,1.000000000000000000e+00,6.363355492413987236e+00
1.100000000000000000e+01,-1.000000000000000000e+00,0.000000000000000000e+00,9.488143477978741913e+00
1.100000000000000000e+01,-1.000000000000000000e+00,1.000000000000000000e+00,9.153558587641988709e+00
6.000000000000000000e+00,-2.000000000000000000e+00,0.000000000000000000e+00,9.136262770474859352e+00
6.000000000000000000e+00,-2.000000000000000000e+00,1.000000000000000000e+00,9.105212449732068336e+00
5.000000000000000000e+00,1.000000000000000000e+00,0.000000000000000000e+00,7.640355705741893821e+00
5.000000000000000000e+00,1.000000000000000000e+00,1.000000000000000000e+00,8.755560228031898262e+00
4.000000000000000000e+00,0.000000000000000000e+00,0.000000000000000000e+00,7.635264483172083061e+00
4.000000000000000000e+00,0.000000000000000000e+00,1.000000000000000000e+00,9.441345684310773478e+00
2.000000000000000000e+00,-2.000000000000000000e+00,0.000000000000000000e+00,7.333418531396588946e+00
2.000000000000000000e+00,-2.000000000000000000e+00,1.000000000000000000e+00,8.796415632787850214e+00
1.000000000000000000e+00,-1.000000000000000000e+00,0.000000000000000000e+00,7.260233553608554935e+00
1.000000000000000000e+00,-1.000000000000000000e+00,1.000000000000000000e+00,6.709336783385277059e+00
1.000000000000000000e+01,-3.000000000000000000e+00,0.000000000000000000e+00,9.518394692054105377e+00
1.000000000000000000e+01,-3.000000000000000000e+00,1.000000000000000000e+00,9.050863068042461990e+00
9.000000000000000000e+00,-4.000000000000000000e+00,0.000000000000000000e+00,9.722258311636824857e+00
9.000000000000000000e+00,-4.000000000000000000e+00,1.000000000000000000e+00,9.397258844129376953e+00
8.000000000000000000e+00,-3.000000000000000000e+00,0.000000000000000000e+00,9.348129734788100720e+00
8.000000000000000000e+00,-3.000000000000000000e+00,1.000000000000000000e+00,9.750596286867008189e+00
7.000000000000000000e+00,0.000000000000000000e+00,0.000000000000000000e+00,9.139787553270238618e+00
7.000000000000000000e+00,0.000000000000000000e+00,1.000000000000000000e+00,9.587202692129981330e+00
8.000000000000000000e+00,-5.000000000000000000e+00,0.000000000000000000e+00,9.695557594000900892e+00
8.000000000000000000e+00,-5.000000000000000000e+00,1.000000000000000000e+00,9.282582835761404638e+00
7.000000000000000000e+00,-4.000000000000000000e+00,0.000000000000000000e+00,9.715249771219909292e+00
7.000000000000000000e+00,-4.000000000000000000e+00,1.000000000000000000e+00,9.130554305879508448e+00
5.000000000000000000e+00,4.000000000000000000e+00,0.000000000000000000e+00,7.305855997963861093e+00
5.000000000000000000e+00,4.000000000000000000e+00,1.000000000000000000e+00,9.769499567356620062e+00
4.000000000000000000e+00,3.000000000000000000e+00,0.000000000000000000e+00,6.750246837378981013e+00
4.000000000000000000e+00,3.000000000000000000e+00,1.000000000000000000e+00,9.763937131340020059e+00
3.000000000000000000e+00,2.000000000000000000e+00,0.000000000000000000e+00,7.015340146581371172e+00
3.000000000000000000e+00,2.000000000000000000e+00,1.000000000000000000e+00,9.764811356665410003e+00
2.000000000000000000e+00,3.000000000000000000e+00,0.000000000000000000e+00,6.347318120792799334e+00
2.000000000000000000e+00,3.000000000000000000e+00,1.000000000000000000e+00,7.175941649667708866e+00
9.000000000000000000e+00,-2.000000000000000000e+00,0.000000000000000000e+00,9.567453021528683266e+00
9.000000000000000000e+00,-2.000000000000000000e+00,1.000000000000000000e+00,9.732133271152680010e+00
1.200000000000000000e+01,5.000000000000000000e+00,0.000000000000000000e+00,5.989405056097734104e+00
1.200000000000000000e+01,5.000000000000000000e+00,1.000000000000000000e+00,9.765219280592711826e+00
8.000000000000000000e+00,3.000000000000000000e+00,0.000000000000000000e+00,8.501618837883889057e+00
8.000000000000000000e+00,3.000000000000000000e+00,1.000000000000000000e+00,8.070768553981977789e+00
7.000000000000000000e+00,4.000000000000000000e+00,0.000000000000000000e+00,8.336027198011642270e+00
7.000000000000000000e+00,4.000000000000000000e+00,1.000000000000000000e+00,7.425437476503755185e+00
5.000000000000000000e+00,1.200000000000000000e+01,0.000000000000000000e+00,6.374947188753671057e+00
5.000000000000000000e+00,1.200000000000000000e+01,1.000000000000000000e+00,4.049360122343149015e+00
4.000000000000000000e+00,1.300000000000000000e+01,0.000000000000000000e+00,0.000000000000000000e+00
4.000000000000000000e+00,1.300000000000000000e+01,1.000000000000000000e+00,3.260533450445922021e+00
1.200000000000000000e+01,-3.000000000000000000e+00,0.000000000000000000e+00,9.386730585425093309e+00
1.200000000000000000e+01,-3.000000000000000000e+00,1.000000000000000000e+00,9.802391766953121532e+00
6.000000000000000000e+00,-3.000000000000000000e+00,0.000000000000000000e+00,9.106399223832106316e+00
6.000000000000000000e+00,-3.000000000000000000e+00,1.000000000000000000e+00,9.546390857119117612e+00
5.000000000000000000e+00,0.000000000000000000e+00,0.000000000000000000e+00,7.925428315640960619e+00
5.000000000000000000e+00,0.000000000000000000e+00,1.000000000000000000e+00,9.261240494360540865e+00
4.000000000000000000e+00,5.000000000000000000e+00,0.000000000000000000e+00,5.323596524572207223e+00
4.000000000000000000e+00,5.000000000000000000e+00,1.000000000000000000e+00,7.714137949755728307e+00
3.000000000000000000e+00,4.000000000000000000e+00,0.000000000000000000e+00,6.427066130099799324e+00
3.000000000000000000e+00,4.000000000000000000e+00,1.000000000000000000e+00,7.459481315905652110e+00
2.000000000000000000e+00,5.000000000000000000e+00,0.000000000000000000e+00,6.269338479732560643e+00
2.000000000000000000e+00,5.000000000000000000e+00,1.000000000000000000e+00,7.064198061892140501e+00
1.000000000000000000e+00,4.000000000000000000e+00,0.000000000000000000e+00,6.487543363918730321e+00
1.000000000000000000e+00,4.000000000000000000e+00,1.000000000000000000e+00,6.437022045571152873e+00
0.000000000000000000e+00,3.000000000000000000e+00,0.000000000000000000e+00,6.511612327571508985e+00
0.000000000000000000e+00,3.000000000000000000e+00,1.000000000000000000e+00,6.273936553442482023e+00
2.000000000000000000e+00,1.100000000000000000e+01,0.000000000000000000e+00,0.000000000000000000e+00
2.000000000000000000e+00,1.100000000000000000e+01,1.000000000000000000e+00,5.197707373666903052e+00
7.000000000000000000e+00,2.000000000000000000e+00,0.000000000000000000e+00,8.637930767004451837e+00
7.000000000000000000e+00,2.000000000000000000e+00,1.000000000000000000e+00,7.150946097177406813e+00
6.000000000000000000e+00,3.000000000000000000e+00,0.000000000000000000e+00,7.823859687242409322e+00
6.000000000000000000e+00,3.000000000000000000e+00,1.000000000000000000e+00,6.971725536463984518e+00
1.000000000000000000e+00,1.000000000000000000e+01,0.000000000000000000e+00,6.309674253041478664e+00
1.000000000000000000e+00,1.000000000000000000e+01,1.000000000000000000e+00,4.000000000000000222e-01
0.000000000000000000e+00,1.100000000000000000e+01,0.000000000000000000e+00,6.336023300368441191e+00
0.000000000000000000e+00,1.100000000000000000e+01,1.000000000000000000e+00,1.201387381719039915e+00
1.200000000000000000e+01,3.000000000000000000e+00,0.000000000000000000e+00,9.018909413620699311e+00
1.200000000000000000e+01,3.000000000000000000e+00,1.000000000000000000e+00,9.780576580180795787e+00
4.000000000000000000e+00,-1.000000000000000000e+00,0.000000000000000000e+00,8.196626272377359967e+00
4.000000000000000000e+00,-1.000000000000000000e+00,1.000000000000000000e+00,9.314325609551984186e+00
3.000000000000000000e+00,0.000000000000000000e+00,0.000000000000000000e+00,7.289748169388180266e+00
3.000000000000000000e+00,0.000000000000000000e+00,1.000000000000000000e+00,9.114694112440837159e+00
1.000000000000000000e+00,8.000000000000000000e+00,0.000000000000000000e+00,6.451545227537784477e+00
1.000000000000000000e+00,8.000000000000000000e+00,1.000000000000000000e+00,5.141980838035371981e+00
0.000000000000000000e+00,7.000000000000000000e+00,0.000000000000000000e+00,6.474578384709499090e+00
0.000000000000000000e+00,7.000000000000000000e+00,1.000000000000000000e+00,5.972719295684633778e+00
6.000000000000000000e+00,1.000000000000000000e+01,0.000000000000000000e+00,3.313362087883278129e+00
6.000000000000000000e+00,1.000000000000000000e+01,1.000000000000000000e+00,7.770134275310035754e+00
5.000000000000000000e+00,-4.000000000000000000e+00,0.000000000000000000e+00,9.560851697592918086e+00
5.000000000000000000e+00,-4.000000000000000000e+00,1.000000000000000000e+00,8.966874801153295493e+00
4.000000000000000000e+00,-5.000000000000000000e+00,0.000000000000000000e+00,9.701514025599880853e+00
4.000000000000000000e+00,-5.000000000000000000e+00,1.000000000000000000e+00,7.635459327163795606e+00
3.000000000000000000e+00,-6.000000000000000000e+00,0.000000000000000000e+00,7.364365798105547256e+00
3.000000000000000000e+00,-6.000000000000000000e+00,1.000000000000000000e+00,5.867785481563257299e+00
0.000000000000000000e+00,-9.000000000000000000e+00,0.000000000000000000e+00,6.451765941801311577e+00
0.000000000000000000e+00,-9.000000000000000000e+00,1.000000000000000000e+00,5.270358531694614435e+00
7.000000000000000000e+00,6.000000000000000000e+00,0.000000000000000000e+00,6.782036232321031477e+00
7.000000000000000000e+00,6.000000000000000000e+00,1.000000000000000000e+00,9.802179151788649847e+00
1.100000000000000000e+01,5.000000000000000000e+00,0.000000000000000000e+00,4.678009083401750701e+00
1.100000000000000000e+01,5.000000000000000000e+00,1.000000000000000000e+00,8.712305554522348672e+00
1.000000000000000000e+01,9.000000000000000000e+00,0.000000000000000000e+00,0.000000000000000000e+00
1.000000000000000000e+01,9.000000000000000000e+00,1.000000000000000000e+00,6.506894304156033648e+00
9.000000000000000000e+00,8.000000000000000000e+00,0.000000000000000000e+00,6.588760289710428708e+00
9.000000000000000000e+00,8.000000000000000000e+00,1.000000000000000000e+00,9.857420446160144678e+00
9.000000000000000000e+00,1.000000000000000000e+01,0.000000000000000000e+00,7.590330145345285828e+00
9.000000000000000000e+00,1.000000000000000000e+01,1.000000000000000000e+00,6.064141604622194315e+00
2.000000000000000000e+00,9.000000000000000000e+00,0.000000000000000000e+00,2.232687002927625564e+00
2.000000000000000000e+00,9.000000000000000000e+00,1.000000000000000000e+00,1.029469870489600147e+00
8.000000000000000000e+00,1.000000000000000000e+00,0.000000000000000000e+00,8.673107541422039546e+00
8.000000000000000000e+00,1.000000000000000000e+00,1.000000000000000000e+00,9.699204049215865098e+00
6.000000000000000000e+00,5.000000000000000000e+00,0.000000000000000000e+00,7.272552520258630082e+00
6.000000000000000000e+00,5.000000000000000000e+00,1.000000000000000000e+00,9.781267659279940574e+00
6.000000000000000000e+00,-5.000000000000000000e+00,0.000000000000000000e+00,9.300738318440359365e+00
6.000000000000000000e+00,-5.000000000000000000e+00,1.000000000000000000e+00,8.995947580726500803e+00
5.000000000000000000e+00,-6.000000000000000000e+00,0.000000000000000000e+00,9.285925132785591174e+00
5.000000000000000000e+00,-6.000000000000000000e+00,1.000000000000000000e+00,4.186773031352110763e+00
1.000000000000000000e+00,-7.000000000000000000e+00,0.000000000000000000e+00,0.000000000000000000e+00
1.000000000000000000e+00,-7.000000000000000000e+00,1.000000000000000000e+00,6.025166917653475451e+00
4.000000000000000000e+00,1.000000000000000000e+00,0.000000000000000000e+00,7.445176355983221583e+00
4.000000000000000000e+00,1.000000000000000000e+00,1.000000000000000000e+00,8.824364220006081894e+00
2.000000000000000000e+00,1.000000000000000000e+00,0.000000000000000000e+00,6.858952373803688829e+00
2.000000000000000000e+00,1.000000000000000000e+00,1.000000000000000000e+00,9.720312890408786544e+00
1.000000000000000000e+00,0.000000000000000000e+00,0.000000000000000000e+00,6.825956675915072935e+00
1.000000000000000000e+00,0.000000000000000000e+00,1.000000000000000000e+00,9.638567555937742171e+00
0.000000000000000000e+00,1.000000000000000000e+00,0.000000000000000000e+00,6.192243475135576602e+00
0.000000000000000000e+00,1.000000000000000000e+00,1.000000000000000000e+00,6.516669091719915485e+00
4.000000000000000000e+00,-2.000000000000000000e+00,0.000000000000000000e+00,8.996167301791354376e+00
4.000000000000000000e+00,-2.000000000000000000e+00,1.000000000000000000e+00,8.798917276943802435e+00
3.000000000000000000e+00,3.000000000000000000e+00,0.000000000000000000e+00,6.606556634525654559e+00
3.000000000000000000e+00,3.000000000000000000e+00,1.000000000000000000e+00,6.707874259005338402e+00
6.000000000000000000e+00,1.000000000000000000e+00,0.000000000000000000e+00,7.661843103824944379e+00
6.000000000000000000e+00,1.000000000000000000e+00,1.000000000000000000e+00,9.324342034633994913e+00
9.000000000000000000e+00,-7.000000000000000000e+00,0.000000000000000000e+00,8.757255347704662185e+00
9.000000000000000000e+00,-7.000000000000000000e+00,1.000000000000000000e+00,9.698511012086687089e+00
8.000000000000000000e+00,-6.000000000000000000e+00,0.000000000000000000e+00,8.895938600539977870e+00
8.000000000000000000e+00,-6.000000000000000000e+00,1.000000000000000000e+00,5.916284610119499021e+00
3.000000000000000000e+00,-5.000000000000000000e+00,0.000000000000000000e+00,8.983897505927002314e+00
3.000000000000000000e+00,-5.000000000000000000e+00,1.000000000000000000e+00,6.887058376554020533e+00
2.000000000000000000e+00,-4.000000000000000000e+00,0.000000000000000000e+00,8.119053684631452938e+00
2.000000000000000000e+00,-4.000000000000000000e+00,1.000000000000000000e+00,7.092470747929381147e+00
1.000000000000000000e+00,-5.000000000000000000e+00,0.000000000000000000e+00,6.820352969325521819e+00
1.000000000000000000e+00,-5.000000000000000000e+00,1.000000000000000000e+00,5.956991049880060451e+00
0.000000000000000000e+00,-4.000000000000000000e+00,0.000000000000000000e+00,6.237855622524705268e+00
0.000000000000000000e+00,-4.000000000000000000e+00,1.000000000000000000e+00,6.539226297015481748e+00
1.000000000000000000e+01,-5.000000000000000000e+00,0.000000000000000000e+00,9.730465676810245768e+00
1.000000000000000000e+01,-5.000000000000000000e+00,1.000000000000000000e+00,9.616211328562194183e+00
1.000000000000000000e+01,7.000000000000000000e+00,0.000000000000000000e+00,4.000000000000000222e-01
1.000000000000000000e+01,7.000000000000000000e+00,1.000000000000000000e+00,6.762309090601942074e+00
7.000000000000000000e+00,9.000000000000000000e+00,0.000000000000000000e+00,5.400806921489177626e+00
7.000000000000000000e+00,9.000000000000000000e+00,1.000000000000000000e+00,7.226678016485921674e+00
1.000000000000000000e+01,6.000000000000000000e+00,0.000000000000000000e+00,8.172828919118767743e+00
1.000000000000000000e+01,6.000000000000000000e+00,1.000000000000000000e+00,6.375008897564938160e+00
9.000000000000000000e+00,5.000000000000000000e+00,0.000000000000000000e+00,8.644131311899185377e+00
9.000000000000000000e+00,5.000000000000000000e+00,1.000000000000000000e+00,7.133653746519648564e+00
5.000000000000000000e+00,-2.000000000000000000e+00,0.000000000000000000e+00,8.806367827894623801e+00
5.000000000000000000e+00,-2.000000000000000000e+00,1.000000000000000000e+00,9.587923488141287365e+00
9.000000000000000000e+00,-6.000000000000000000e+00,0.000000000000000000e+00,9.678112283012474393e+00
9.000000000000000000e+00,-6.000000000000000000e+00,1.000000000000000000e+00,9.282718836665416973e+00
3.000000000000000000e+00,8.000000000000000000e+00,0.000000000000000000e+00,5.017893014728452172e+00
3.000000000000000000e+00,8.000000000000000000e+00,1.000000000000000000e+00,6.395678177602148295e+00
1.000000000000000000e+00,9.000000000000000000e+00,0.000000000000000000e+00,6.534604176652659469e+00
1.000000000000000000e+00,9.000000000000000000e+00,1.000000000000000000e+00,3.596603946760747128e+00
6.000000000000000000e+00,8.000000000000000000e+00,0.000000000000000000e+00,4.362430849097971297e+00
6.000000000000000000e+00,8.000000000000000000e+00,1.000000000000000000e+00,7.416490921763266186e+00
2.000000000000000000e+00,0.000000000000000000e+00,0.000000000000000000e+00,7.067910898271756004e+00
2.000000000000000000e+00,0.000000000000000000e+00,1.000000000000000000e+00,8.015355245606214041e+00
0.000000000000000000e+00,0.000000000000000000e+00,0.000000000000000000e+00,8.946915806623282563e+00
0.000000000000000000e+00,0.000000000000000000e+00,1.000000000000000000e+00,9.649427807489956876e+00
8.000000000000000000e+00,8.000000000000000000e+00,0.000000000000000000e+00,6.881633928129808453e+00
8.000000000000000000e+00,8.000000000000000000e+00,1.000000000000000000e+00,8.487019140551044671e+00
5.000000000000000000e+00,7.000000000000000000e+00,0.000000000000000000e+00,6.236713469635983387e+00
5.000000000000000000e+00,7.000000000000000000e+00,1.000000000000000000e+00,7.793923980218815828e+00
2.000000000000000000e+00,8.000000000000000000e+00,0.000000000000000000e+00,3.874357241735872925e+00
2.000000000000000000e+00,8.000000000000000000e+00,1.000000000000000000e+00,6.957717282869967157e+00
0.000000000000000000e+00,8.000000000000000000e+00,0.000000000000000000e+00,6.500833387283285525e+00
0.000000000000000000e+00,8.000000000000000000e+00,1.000000000000000000e+00,5.854397170100634540e+00
1.000000000000000000e+00,-6.000000000000000000e+00,0.000000000000000000e+00,6.786996887353737407e+00
1.000000000000000000e+00,-6.000000000000000000e+00,1.000000000000000000e+00,3.516940723740696662e+00
0.000000000000000000e+00,-3.000000000000000000e+00,0.000000000000000000e+00,6.499195933813791903e+00
0.000000000000000000e+00,-3.000000000000000000e+00,1.000000000000000000e+00,6.346425607093602039e+00
7.000000000000000000e+00,1.100000000000000000e+01,0.000000000000000000e+00,4.894981345385107652e+00
7.000000000000000000e+00,1.100000000000000000e+01,1.000000000000000000e+00,7.648014502615430921e+00
6.000000000000000000e+00,1.200000000000000000e+01,0.000000000000000000e+00,6.484143108827792545e+00
6.000000000000000000e+00,1.200000000000000000e+01,1.000000000000000000e+00,5.288533873172595712e+00
4.000000000000000000e+00,-3.000000000000000000e+00,0.000000000000000000e+00,8.539305630156517779e+00
4.000000000000000000e+00,-3.000000000000000000e+00,1.000000000000000000e+00,9.637249595483117659e+00
1.200000000000000000e+01,-7.000000000000000000e+00,0.000000000000000000e+00,9.737018823031956316e+00
1.200000000000000000e+01,-7.000000000000000000e+00,1.000000000000000000e+00,4.126096805827073943e+00
7.000000000000000000e+00,-6.000000000000000000e+00,0.000000000000000000e+00,9.676730475025300038e+00
7.000000000000000000e+00,-6.000000000000000000e+00,1.000000000000000000e+00,8.607638285500264885e+00
6.000000000000000000e+00,1.300000000000000000e+01,0.000000000000000000e+00,6.454439860910401450e+00
6.000000000000000000e+00,1.300000000000000000e+01,1.000000000000000000e+00,5.146799701444555453e+00
9.000000000000000000e+00,9.000000000000000000e+00,0.000000000000000000e+00,6.873986689093808167e+00
9.000000000000000000e+00,9.000000000000000000e+00,1.000000000000000000e+00,8.615032814514560044e+00
5.000000000000000000e+00,-1.000000000000000000e+00,0.000000000000000000e+00,8.907412314418444055e+00
5.000000000000000000e+00,-1.000000000000000000e+00,1.000000000000000000e+00,9.086551407706252803e+00
7.000000000000000000e+00,-1.000000000000000000e+00,0.000000000000000000e+00,8.927822916793621388e+00
7.000000000000000000e+00,-1.000000000000000000e+00,1.000000000000000000e+00,9.285921009545985427e+00
6.000000000000000000e+00,2.000000000000000000e+00,0.000000000000000000e+00,6.831874694992077224e+00
6.000000000000000000e+00,2.000000000000000000e+00,1.000000000000000000e+00,6.771712449330851591e+00
5.000000000000000000e+00,-3.000000000000000000e+00,0.000000000000000000e+00,7.768222157730222399e+00
5.000000000000000000e+00,-3.000000000000000000e+00,1.000000000000000000e+00,8.881264248716881582e+00
7.000000000000000000e+00,3.000000000000000000e+00,0.000000000000000000e+00,8.125125622467775699e+00
7.000000000000000000e+00,3.000000000000000000e+00,1.000000000000000000e+00,6.577279909664769164e+00
1.000000000000000000e+00,-3.000000000000000000e+00,0.000000000000000000e+00,7.914289317772099430e+00
1.000000000000000000e+00,-3.000000000000000000e+00,1.000000000000000000e+00,6.805475608103372487e+00
0.000000000000000000e+00,-2.000000000000000000e+00,0.000000000000000000e+00,5.031547533132870065e+00
0.000000000000000000e+00,-2.000000000000000000e+00,1.000000000000000000e+00,4.304836066796662308e+00
6.000000000000000000e+00,0.000000000000000000e+00,0.000000000000000000e+00,8.223810931608202424e+00
6.000000000000000000e+00,0.000000000000000000e+00,1.000000000000000000e+00,9.152882858397642707e+00
8.000000000000000000e+00,1.300000000000000000e+01,0.000000000000000000e+00,5.990735772516829982e+00
8.000000000000000000e+00,1.300000000000000000e+01,1.000000000000000000e+00,6.493687073843248392e+00
1.100000000000000000e+01,7.000000000000000000e+00,0.000000000000000000e+00,7.840000000000000302e-01
1.100000000000000000e+01,7.000000000000000000e+00,1.000000000000000000e+00,6.583608124713999032e+00
1.000000000000000000e+01,1.100000000000000000e+01,0.000000000000000000e+00,1.111067479469222352e+00
1.000000000000000000e+01,1.100000000000000000e+01,1.000000000000000000e+00,0.000000000000000000e+00
9.000000000000000000e+00,1.300000000000000000e+01,0.000000000000000000e+00,6.326370156026646541e+00
9.000000000000000000e+00,1.300000000000000000e+01,1.000000000000000000e+00,3.862984036540547894e+00
1.000000000000000000e+00,2.000000000000000000e+00,0.000000000000000000e+00,6.857882875792602917e+00
1.000000000000000000e+00,2.000000000000000000e+00,1.000000000000000000e+00,6.375184583068382871e+00
8.000000000000000000e+00,-7.000000000000000000e+00,0.000000000000000000e+00,9.433661972518368799e+00
8.000000000000000000e+00,-7.000000000000000000e+00,1.000000000000000000e+00,9.736000896299040974e+00
8.000000000000000000e+00,9.000000000000000000e+00,0.000000000000000000e+00,6.583450345693269590e+00
8.000000000000000000e+00,9.000000000000000000e+00,1.000000000000000000e+00,5.907358505114261860e+00
7.000000000000000000e+00,-7.000000000000000000e+00,0.000000000000000000e+00,9.576912265963708037e+00
7.000000000000000000e+00,-7.000000000000000000e+00,1.000000000000000000e+00,7.343459621348972455e+00
4.000000000000000000e+00,-8.000000000000000000e+00,0.000000000000000000e+00,8.213118555819306721e+00
4.000000000000000000e+00,-8.000000000000000000e+00,1.000000000000000000e+00,1.832843356624597408e+00
3.000000000000000000e+00,-8.000000000000000000e+00,0.000000000000000000e+00,6.822400000000000686e-01
3.000000000000000000e+00,-8.000000000000000000e+00,1.000000000000000000e+00,6.922140877806306491e+00
0.000000000000000000e+00,-8.000000000000000000e+00,0.000000000000000000e+00,6.294745615600708000e+00
0.000000000000000000e+00,-8.000000000000000000e+00,1.000000000000000000e+00,0.000000000000000000e+00
2.000000000000000000e+00,-5.000000000000000000e+00,0.000000000000000000e+00,7.027191710323154261e+00
2.000000000000000000e+00,-5.000000000000000000e+00,1.000000000000000000e+00,7.087353366048833259e+00
1.000000000000000000e+00,-2.000000000000000000e+00,0.000000000000000000e+00,9.586023348631815821e+00
1.000000000000000000e+00,-2.000000000000000000e+00,1.000000000000000000e+00,6.780035530076327532e+00
5.000000000000000000e+00,1.000000000000000000e+01,0.000000000000000000e+00,2.864395452094421479e+00
5.000000000000000000e+00,1.000000000000000000e+01,1.000000000000000000e+00,7.390904794464720595e+00
3.000000000000000000e+00,-2.000000000000000000e+00,0.000000000000000000e+00,8.566476906278545300e+00
3.000000000000000000e+00,-2.000000000000000000e+00,1.000000000000000000e+00,8.249058358523045698e+00
0.000000000000000000e+00,9.000000000000000000e+00,0.000000000000000000e+00,6.328110674375889033e+00
0.000000000000000000e+00,9.000000000000000000e+00,1.000000000000000000e+00,5.072781259093282813e+00
1.000000000000000000e+00,1.000000000000000000e+00,0.000000000000000000e+00,6.776630453634174600e+00
1.000000000000000000e+00,1.000000000000000000e+00,1.000000000000000000e+00,9.281666563540001746e+00
5.000000000000000000e+00,8.000000000000000000e+00,0.000000000000000000e+00,4.936961058722848072e+00
5.000000000000000000e+00,8.000000000000000000e+00,1.000000000000000000e+00,6.629699397983053188e+00
7.000000000000000000e+00,-8.000000000000000000e+00,0.000000000000000000e+00,9.761719291371512952e+00
7.000000000000000000e+00,-8.000000000000000000e+00,1.000000000000000000e+00,6.660661588319389814e+00
6.000000000000000000e+00,-7.000000000000000000e+00,0.000000000000000000e+00,9.738557177133470688e+00
6.000000000000000000e+00,-7.000000000000000000e+00,1.000000000000000000e+00,7.517059449031265217e+00
2.000000000000000000e+00,-1.000000000000000000e+00,0.000000000000000000e+00,7.173863896215308067e+00
2.000000000000000000e+00,-1.000000000000000000e+00,1.000000000000000000e+00,9.457063368228460831e+00
9.000000000000000000e+00,1.100000000000000000e+01,0.000000000000000000e+00,4.171947309188841935e+00
9.000000000000000000e+00,1.100000000000000000e+01,1.000000000000000000e+00,6.598418436576564794e+00
3.000000000000000000e+00,1.100000000000000000e+01,0.000000000000000000e+00,5.576297589749221295e+00
3.000000000000000000e+00,1.100000000000000000e+01,1.000000000000000000e+00,3.737636135042202490e+00
4.000000000000000000e+00,6.000000000000000000e+00,0.000000000000000000e+00,7.349954009591201043e+00
4.000000000000000000e+00,6.000000000000000000e+00,1.000000000000000000e+00,7.707777776073860387e+00
4.000000000000000000e+00,1.200000000000000000e+01,0.000000000000000000e+00,0.000000000000000000e+00
4.000000000000000000e+00,1.200000000000000000e+01,1.000000000000000000e+00,5.062844570980566061e+00
1.000000000000000000e+01,-8.000000000000000000e+00,0.000000000000000000e+00,5.440000000000000391e-01
1.000000000000000000e+01,-8.000000000000000000e+00,1.000000000000000000e+00,3.635303467697826640e+00
3.000000000000000000e+00,-7.000000000000000000e+00,0.000000000000000000e+00,7.362121532770472321e+00
3.000000000000000000e+00,-7.000000000000000000e+00,1.000000000000000000e+00,0.000000000000000000e+00
2.000000000000000000e+00,-6.000000000000000000e+00,0.000000000000000000e+00,7.684578232128861153e+00
2.000000000000000000e+00,-6.000000000000000000e+00,1.000000000000000000e+00,2.581213242595436164e+00
0.000000000000000000e+00,-1.000000000000000000e+00,0.000000000000000000e+00,8.922118880183242950e+00
0.000000000000000000e+00,-1.000000000000000000e+00,1.000000000000000000e+00,9.683153116829350537e+00
5.000000000000000000e+00,-8.000000000000000000e+00,0.000000000000000000e+00,7.317981015425764291e+00
5.000000000000000000e+00,-8.000000000000000000e+00,1.000000000000000000e+00,9.015039999999999720e-01
4.000000000000000000e+00,-9.000000000000000000e+00,0.000000000000000000e+00,1.058152473853003706e+00
4.000000000000000000e+00,-9.000000000000000000e+00,1.000000000000000000e+00,9.568000000000000949e-01
2.000000000000000000e+00,-9.000000000000000000e+00,0.000000000000000000e+00,6.873029808221533976e+00
2.000000000000000000e+00,-9.000000000000000000e+00,1.000000000000000000e+00,7.840000000000000302e-01
3.000000000000000000e+00,-4.000000000000000000e+00,0.000000000000000000e+00,9.575117027825866600e+00
3.000000000000000000e+00,-4.000000000000000000e+00,1.000000000000000000e+00,7.470007353030451824e+00
1.000000000000000000e+00,-4.000000000000000000e+00,0.000000000000000000e+00,6.648324380969127034e+00
1.000000000000000000e+00,-4.000000000000000000e+00,1.000000000000000000e+00,6.770282930599542226e+00
2.000000000000000000e+00,1.000000000000000000e+01,0.000000000000000000e+00,4.401579242593837371e+00
2.000000000000000000e+00,1.000000000000000000e+01,1.000000000000000000e+00,4.711292194959193935e+00
3.000000000000000000e+00,5.000000000000000000e+00,0.000000000000000000e+00,6.712689911975776802e+00
3.000000000000000000e+00,5.000000000000000000e+00,1.000000000000000000e+00,7.456422136569990755e+00
0.000000000000000000e+00,4.000000000000000000e+00,0.000000000000000000e+00,6.510891661909639083e+00
0.000000000000000000e+00,4.000000000000000000e+00,1.000000000000000000e+00,6.269311788163896892e+00
4.000000000000000000e+00,-7.000000000000000000e+00,0.000000000000000000e+00,0.000000000000000000e+00
4.000000000000000000e+00,-7.000000000000000000e+00,1.000000000000000000e+00,6.877052107073485132e+00
4.000000000000000000e+00,1.100000000000000000e+01,0.000000000000000000e+00,0.000000000000000000e+00
4.000000000000000000e+00,1.100000000000000000e+01,1.000000000000000000e+00,4.157751990907397222e+00
3.000000000000000000e+00,1.200000000000000000e+01,0.000000000000000000e+00,3.685805120770735410e+00
3.000000000000000000e+00,1.200000000000000000e+01,1.000000000000000000e+00,2.604650843005015481e+00
0.000000000000000000e+00,-6.000000000000000000e+00,0.000000000000000000e+00,2.932436068616583125e+00
0.000000000000000000e+00,-6.000000000000000000e+00,1.000000000000000000e+00,6.287278527692647501e+00
1.000000000000000000e+01,1.000000000000000000e+01,0.000000000000000000e+00,0.000000000000000000e+00
1.000000000000000000e+01,1.000000000000000000e+01,1.000000000000000000e+00,3.886081238049063025e+00
8.000000000000000000e+00,1.000000000000000000e+01,0.000000000000000000e+00,7.406398590343894917e+00
8.000000000000000000e+00,1.000000000000000000e+01,1.000000000000000000e+00,3.245732392263517951e+00
7.000000000000000000e+00,1.200000000000000000e+01,0.000000000000000000e+00,6.440488025776772929e+00
7.000000000000000000e+00,1.200000000000000000e+01,1.000000000000000000e+00,2.080803361976784949e+00
4.000000000000000000e+00,9.000000000000000000e+00,0.000000000000000000e+00,4.240138256350498125e+00
4.000000000000000000e+00,9.000000000000000000e+00,1.000000000000000000e+00,7.171582709109688203e+00
6.000000000000000000e+00,1.100000000000000000e+01,0.000000000000000000e+00,6.875649547602172618e+00
6.000000000000000000e+00,1.100000000000000000e+01,1.000000000000000000e+00,4.957474532658373789e+00
1.000000000000000000e+00,1.100000000000000000e+01,0.000000000000000000e+00,6.352933608716302416e+00
1.000000000000000000e+00,1.100000000000000000e+01,1.000000000000000000e+00,1.566913813176693759e+00
7.000000000000000000e+00,1.300000000000000000e+01,0.000000000000000000e+00,6.513214246929679874e+00
7.000000000000000000e+00,1.300000000000000000e+01,1.000000000000000000e+00,3.749699609723391003e+00
5.000000000000000000e+00,1.300000000000000000e+01,0.000000000000000000e+00,6.521599739550728358e+00
5.000000000000000000e+00,1.300000000000000000e+01,1.000000000000000000e+00,0.000000000000000000e+00
0.000000000000000000e+00,1.300000000000000000e+01,0.000000000000000000e+00,6.332367634948747437e+00
0.000000000000000000e+00,1.300000000000000000e+01,1.000000000000000000e+00,0.000000000000000000e+00
1.000000000000000000e+00,1.200000000000000000e+01,0.000000000000000000e+00,3.887381080195848604e+00
1.000000000000000000e+00,1.200000000000000000e+01,1.000000000000000000e+00,5.433514891184338502e+00
2.000000000000000000e+00,-3.000000000000000000e+00,0.000000000000000000e+00,9.571157658853906014e+00
2.000000000000000000e+00,-3.000000000000000000e+00,1.000000000000000000e+00,7.982439404645425896e+00
3.000000000000000000e+00,-9.000000000000000000e+00,0.000000000000000000e+00,4.000000000000000222e-01
3.000000000000000000e+00,-9.000000000000000000e+00,1.000000000000000000e+00,1.587467014721327452e+00
2.000000000000000000e+00,-1.000000000000000000e+01,0.000000000000000000e+00,4.122871576286656570e+00
2.000000000000000000e+00,-1.000000000000000000e+01,1.000000000000000000e+00,1.294544807001382525e+00
1.000000000000000000e+00,-1.100000000000000000e+01,0.000000000000000000e+00,2.250002965740014460e+00
1.000000000000000000e+00,-1.100000000000000000e+01,1.000000000000000000e+00,6.400000000000000133e-01
0.000000000000000000e+00,-1.000000000000000000e+01,0.000000000000000000e+00,3.767937235963526810e+00
0.000000000000000000e+00,-1.000000000000000000e+01,1.000000000000000000e+00,0.000000000000000000e+00
0.000000000000000000e+00,-5.000000000000000000e+00,0.000000000000000000e+00,6.498730590804261631e+00
0.000000000000000000e+00,-5.000000000000000000e+00,1.000000000000000000e+00,5.887346339962327590e+00
2.000000000000000000e+00,-8.000000000000000000e+00,0.000000000000000000e+00,3.833804791491755459e+00
2.000000000000000000e+00,-8.000000000000000000e+00,1.000000000000000000e+00,0.000000000000000000e+00
9.000000000000000000e+00,-1.000000000000000000e+01,0.000000000000000000e+00,9.755160924918273579e+00
9.000000000000000000e+00,-1.000000000000000000e+01,1.000000000000000000e+00,6.190028641727597147e+00
0.000000000000000000e+00,1.200000000000000000e+01,0.000000000000000000e+00,6.212955185308967287e+00
0.000000000000000000e+00,1.200000000000000000e+01,1.000000000000000000e+00,2.959106629057119076e+00
8.000000000000000000e+00,1.100000000000000000e+01,0.000000000000000000e+00,6.567487981623091109e+00
8.000000000000000000e+00,1.100000000000000000e+01,1.000000000000000000e+00,7.438725461063692812e+00
1.100000000000000000e+01,-8.000000000000000000e+00,0.000000000000000000e+00,7.296722790133167713e+00
1.100000000000000000e+01,-8.000000000000000000e+00,1.000000000000000000e+00,4.000000000000000222e-01
5.000000000000000000e+00,1.100000000000000000e+01,0.000000000000000000e+00,6.304000000000000714e-01
5.000000000000000000e+00,1.100000000000000000e+01,1.000000000000000000e+00,6.458525580229779628e+00
9.000000000000000000e+00,-1.300000000000000000e+01,0.000000000000000000e+00,9.659676329724359078e+00
9.000000000000000000e+00,-1.300000000000000000e+01,1.000000000000000000e+00,8.824008592768107784e-01
8.000000000000000000e+00,-1.200000000000000000e+01,0.000000000000000000e+00,9.668114864438608791e+00
8.000000000000000000e+00,-1.200000000000000000e+01,1.000000000000000000e+00,1.390128742304134635e+00
7.000000000000000000e+00,-9.000000000000000000e+00,0.000000000000000000e+00,9.661052128622126034e+00
7.000000000000000000e+00,-9.000000000000000000e+00,1.000000000000000000e+00,6.075916373088678490e+00
6.000000000000000000e+00,-1.000000000000000000e+01,0.000000000000000000e+00,8.174711714337409063e+00
6.000000000000000000e+00,-1.000000000000000000e+01,1.000000000000000000e+00,2.014755026048822284e+00
5.000000000000000000e+00,-9.000000000000000000e+00,0.000000000000000000e+00,8.574516442324194188e+00
5.000000000000000000e+00,-9.000000000000000000e+00,1.000000000000000000e+00,9.588183040000001212e-01
9.000000000000000000e+00,-9.000000000000000000e+00,0.000000000000000000e+00,9.654041233944271383e+00
9.000000000000000000e+00,-9.000000000000000000e+00,1.000000000000000000e+00,8.546281302130074309e+00
8.000000000000000000e+00,1.200000000000000000e+01,0.000000000000000000e+00,5.046262167489192763e+00
8.000000000000000000e+00,1.200000000000000000e+01,1.000000000000000000e+00,6.467036984583305781e+00
6.000000000000000000e+00,-9.000000000000000000e+00,0.000000000000000000e+00,7.455614222850000417e+00
6.000000000000000000e+00,-9.000000000000000000e+00,1.000000000000000000e+00,2.046301545285469370e+00
1.000000000000000000e+00,-1.000000000000000000e+01,0.000000000000000000e+00,0.000000000000000000e+00
1.000000000000000000e+00,-1.000000000000000000e+01,1.000000000000000000e+00,1.781847852743587257e+00
0.000000000000000000e+00,-1.100000000000000000e+01,0.000000000000000000e+00,4.873634122618717868e+00
0.000000000000000000e+00,-1.100000000000000000e+01,1.000000000000000000e+00,2.780667370519612991e+00
8.000000000000000000e+00,-8.000000000000000000e+00,0.000000000000000000e+00,9.566269440592941820e+00
8.000000000000000000e+00,-8.000000000000000000e+00,1.000000000000000000e+00,9.090421517369163595e+00
4.000000000000000000e+00,-1.000000000000000000e+01,0.000000000000000000e+00,0.000000000000000000e+00
4.000000000000000000e+00,-1.000000000000000000e+01,1.000000000000000000e+00,1.685440478249934149e+00
3.000000000000000000e+00,-1.100000000000000000e+01,0.000000000000000000e+00,2.273368811761711683e+00
3.000000000000000000e+00,-1.100000000000000000e+01,1.000000000000000000e+00,0.000000000000000000e+00
9.000000000000000000e+00,-1.100000000000000000e+01,0.000000000000000000e+00,9.695674442070814081e+00
9.000000000000000000e+00,-1.100000000000000000e+01,1.000000000000000000e+00,7.289789360598097900e+00
8.000000000000000000e+00,-1.000000000000000000e+01,0.000000000000000000e+00,9.640798158965644404e+00
8.000000000000000000e+00,-1.000000000000000000e+01,1.000000000000000000e+00,4.161223078250238849e+00
9.000000000000000000e+00,-1.200000000000000000e+01,0.000000000000000000e+00,9.718942842110616098e+00
9.000000000000000000e+00,-1.200000000000000000e+01,1.000000000000000000e+00,1.844668362037898524e+00
8.000000000000000000e+00,-1.100000000000000000e+01,0.000000000000000000e+00,9.703588993337538327e+00
8.000000000000000000e+00,-1.100000000000000000e+01,1.000000000000000000e+00,6.400000000000000133e-01
7.000000000000000000e+00,-1.100000000000000000e+01,0.000000000000000000e+00,8.197644845939334957e+00
7.000000000000000000e+00,-1.100000000000000000e+01,1.000000000000000000e+00,1.619955494904194104e+00
0.000000000000000000e+00,-1.200000000000000000e+01,0.000000000000000000e+00,2.976318270716977743e+00
0.000000000000000000e+00,-1.200000000000000000e+01,1.000000000000000000e+00,6.003783856022260501e+00
1.000000000000000000e+00,-9.000000000000000000e+00,0.000000000000000000e+00,2.061009743056059218e+00
1.000000000000000000e+00,-9.000000000000000000e+00,1.000000000000000000e+00,0.000000000000000000e+00
1.000000000000000000e+00,1.300000000000000000e+01,0.000000000000000000e+00,0.000000000000000000e+00
1.000000000000000000e+00,1.300000000000000000e+01,1.000000000000000000e+00,5.542429295071494622e+00
5.000000000000000000e+00,-1.200000000000000000e+01,0.000000000000000000e+00,0.000000000000000000e+00
5.000000000000000000e+00,-1.200000000000000000e+01,1.000000000000000000e+00,4.000000000000000222e-01
4.000000000000000000e+00,-1.200000000000000000e+01,0.000000000000000000e+00,0.000000000000000000e+00
4.000000000000000000e+00,-1.200000000000000000e+01,1.000000000000000000e+00,9.280000000000000471e-01
3.000000000000000000e+00,-1.200000000000000000e+01,0.000000000000000000e+00,0.000000000000000000e+00
3.000000000000000000e+00,-1.200000000000000000e+01,1.000000000000000000e+00,4.000000000000000222e-01
2.000000000000000000e+00,-1.200000000000000000e+01,0.000000000000000000e+00,0.000000000000000000e+00
2.000000000000000000e+00,-1.200000000000000000e+01,1.000000000000000000e+00,4.000000000000000222e-01
1.000000000000000000e+00,-1.200000000000000000e+01,0.000000000000000000e+00,4.000000000000000222e-01
1.000000000000000000e+00,-1.200000000000000000e+01,1.000000000000000000e+00,0.000000000000000000e+00
7.000000000000000000e+00,-1.200000000000000000e+01,0.000000000000000000e+00,9.537797428877354822e-01
7.000000000000000000e+00,-1.200000000000000000e+01,1.000000000000000000e+00,4.000000000000000222e-01
6.000000000000000000e+00,-1.200000000000000000e+01,0.000000000000000000e+00,6.100675257646075877e+00
6.000000000000000000e+00,-1.200000000000000000e+01,1.000000000000000000e+00,5.958400000000000363e-01
5.000000000000000000e+00,-1.100000000000000000e+01,0.000000000000000000e+00,2.791326259078763083e+00
5.000000000000000000e+00,-1.100000000000000000e+01,1.000000000000000000e+00,0.000000000000000000e+00
6.000000000000000000e+00,-8.000000000000000000e+00,0.000000000000000000e+00,9.175736597620579360e+00
6.000000000000000000e+00,-8.000000000000000000e+00,1.000000000000000000e+00,6.437651332464858100e+00
9.000000000000000000e+00,1.200000000000000000e+01,0.000000000000000000e+00,6.564685631503043517e+00
9.000000000000000000e+00,1.200000000000000000e+01,1.000000000000000000e+00,3.714559698662822207e+00
7.000000000000000000e+00,-1.300000000000000000e+01,0.000000000000000000e+00,2.221983746444693431e+00
7.000000000000000000e+00,-1.300000000000000000e+01,1.000000000000000000e+00,4.000000000000000222e-01
1.000000000000000000e+01,-9.000000000000000000e+00,0.000000000000000000e+00,3.462870238183050287e+00
1.000000000000000000e+01,-9.000000000000000000e+00,1.000000000000000000e+00,0.000000000000000000e+00
2.000000000000000000e+00,1.300000000000000000e+01,0.000000000000000000e+00,5.436206509194837722e+00
2.000000000000000000e+00,1.300000000000000000e+01,1.000000000000000000e+00,0.000000000000000000e+00
6.000000000000000000e+00,-1.300000000000000000e+01,0.000000000000000000e+00,0.000000000000000000e+00
6.000000000000000000e+00,-1.300000000000000000e+01,1.000000000000000000e+00,4.000000000000000222e-01
5.000000000000000000e+00,-1.300000000000000000e+01,0.000000000000000000e+00,9.568000000000000949e-01
5.000000000000000000e+00,-1.300000000000000000e+01,1.000000000000000000e+00,0.000000000000000000e+00
3.000000000000000000e+00,-1.300000000000000000e+01,0.000000000000000000e+00,0.000000000000000000e+00
3.000000000000000000e+00,-1.300000000000000000e+01,1.000000000000000000e+00,7.840000000000000302e-01
2.000000000000000000e+00,-1.300000000000000000e+01,0.000000000000000000e+00,0.000000000000000000e+00
2.000000000000000000e+00,-1.300000000000000000e+01,1.000000000000000000e+00,1.217123900312071960e+00
1.000000000000000000e+00,-1.300000000000000000e+01,0.000000000000000000e+00,3.233364286040622204e+00
1.000000000000000000e+00,-1.300000000000000000e+01,1.000000000000000000e+00,0.000000000000000000e+00
8.000000000000000000e+00,-1.300000000000000000e+01,0.000000000000000000e+00,0.000000000000000000e+00
8.000000000000000000e+00,-1.300000000000000000e+01,1.000000000000000000e+00,1.897191679994834068e+00
3.000000000000000000e+00,1.300000000000000000e+01,0.000000000000000000e+00,0.000000000000000000e+00
3.000000000000000000e+00,1.300000000000000000e+01,1.000000000000000000e+00,4.136668607904045558e+00
1.300000000000000000e+01,5.000000000000000000e+00,0.000000000000000000e+00,0.000000000000000000e+00
1.300000000000000000e+01,5.000000000000000000e+00,1.000000000000000000e+00,0.000000000000000000e+00
1.300000000000000000e+01,0.000000000000000000e+00,0.000000000000000000e+00,0.000000000000000000e+00
1.300000000000000000e+01,0.000000000000000000e+00,1.000000000000000000e+00,0.000000000000000000e+00
1.300000000000000000e+01,4.000000000000000000e+00,0.000000000000000000e+00,0.000000000000000000e+00
1.300000000000000000e+01,4.000000000000000000e+00,1.000000000000000000e+00,0.000000000000000000e+00
1.300000000000000000e+01,-6.000000000000000000e+00,0.000000000000000000e+00,0.000000000000000000e+00
1.300000000000000000e+01,-6.000000000000000000e+00,1.000000000000000000e+00,0.000000000000000000e+00
1.300000000000000000e+01,-3.000000000000000000e+00,0.000000000000000000e+00,0.000000000000000000e+00
1.300000000000000000e+01,-3.000000000000000000e+00,1.000000000000000000e+00,0.000000000000000000e+00
1.300000000000000000e+01,-5.000000000000000000e+00,0.000000000000000000e+00,0.000000000000000000e+00
1.300000000000000000e+01,-5.000000000000000000e+00,1.000000000000000000e+00,0.000000000000000000e+00
1.300000000000000000e+01,2.000000000000000000e+00,0.000000000000000000e+00,0.000000000000000000e+00
1.300000000000000000e+01,2.000000000000000000e+00,1.000000000000000000e+00,0.000000000000000000e+00
1.300000000000000000e+01,-4.000000000000000000e+00,0.000000000000000000e+00,0.000000000000000000e+00
1.300000000000000000e+01,-4.000000000000000000e+00,1.000000000000000000e+00,0.000000000000000000e+00
1.300000000000000000e+01,-2.000000000000000000e+00,0.000000000000000000e+00,0.000000000000000000e+00
1.300000000000000000e+01,-2.000000000000000000e+00,1.000000000000000000e+00,0.000000000000000000e+00
1.300000000000000000e+01,-1.000000000000000000e+00,0.000000000000000000e+00,0.000000000000000000e+00
1.300000000000000000e+01,-1.000000000000000000e+00,1.000000000000000000e+00,0.000000000000000000e+00
1.300000000000000000e+01,3.000000000000000000e+00,0.000000000000000000e+00,0.000000000000000000e+00
1.300000000000000000e+01,3.000000000000000000e+00,1.000000000000000000e+00,0.000000000000000000e+00
